{
  "project_info": {
    "project_number": "375097073380",
    "firebase_url": "https://kater-d2838.firebaseio.com",
    "project_id": "kater-d2838",
    "storage_bucket": "kater-d2838.appspot.com"
  },
  "client": [
    {
      "client_info": {
        "mobilesdk_app_id": "1:375097073380:android:0fea1daa066a3cec7a56f1",
        "android_client_info": {
          "package_name": "xyz.starinc.kater.android"
        }
      },
      "oauth_client": [
        {
          "client_id": "375097073380-fb8va66b10i2aj0qie1n1recedm382d0.apps.googleusercontent.com",
          "client_type": 3
        }
      ],
      "api_key": [
        {
          "current_key": "AIzaSyAR3nktrjBbyHlm26SXbRmDtXpRYZlUDrc"
        }
      ],
      "services": {
        "appinvite_service": {
          "other_platform_oauth_client": [
            {
              "client_id": "375097073380-fb8va66b10i2aj0qie1n1recedm382d0.apps.googleusercontent.com",
              "client_type": 3
            }
          ]
        }
      }
    }
  ],
  "configuration_version": "1"
}